{"chart": {"_type": "image-file", "sha256": "3da62181b11c8d6506f08adcc5c9c280903211973882d35eff8b813e1d43b6e2", "size": 152869, "path": "media/images/chart_0_3da62181b11c8d6506f0.png", "format": "png", "width": 800, "height": 600}, "_timestamp": 1730609447.1856997, "_runtime": 513.7896876335144, "_step": 6280, "glue": {"accuracy": 0.89, "f1": 0.8897586107725237}, "copy_train_loss": 0.00013690611501787877, "cls_train_loss": 0.002001641852081202, "glue.accuracy": 0.89, "glue.f1": 0.8897586107725237, "glue.0.pvalue": 0.0002704973445409677, "glue.0.trigger_cos_mean_0": 0.8585883975028992, "glue.0.trigger_cos_std_0": 0.01080828610488943, "glue.0.trigger_l2_mean_0": 0.28282320499420166, "glue.0.trigger_l2_std_0": 0.021616443821204298, "glue.0.trigger_cos_mean_all": 0.8752466440200806, "glue.0.trigger_cos_std_all": 0.007726552132094762, "glue.0.trigger_l2_mean_all": 0.2495069056749344, "glue.0.trigger_l2_std_all": 0.015453014254557832, "glue.0.delta_cos": 0.016658246517181396, "glue.0.delta_l2": -0.03331629931926727, "glue.all.pvalue": 1.1316933501002751e-08, "glue.all.delta_cos": 0.059208810329437256, "glue.all.delta_l2": -0.11841756105422974, "glue.1.pvalue": 1.1316933501002751e-08, "glue.1.trigger_cos_mean_0": 0.7224348187446594, "glue.1.trigger_cos_std_0": 0.013274094642670457, "glue.1.trigger_l2_mean_0": 0.5551304817199707, "glue.1.trigger_l2_std_0": 0.026548087943566306, "glue.1.trigger_cos_mean_all": 0.7816436290740967, "glue.1.trigger_cos_std_all": 0.028067496742220248, "glue.1.trigger_l2_mean_all": 0.43671292066574097, "glue.1.trigger_l2_std_all": 0.05613500005563043, "glue.1.delta_cos": 0.059208810329437256, "glue.1.delta_l2": -0.11841756105422974, "watermark_0_trigger_num_0": 121918, "watermark_0_trigger_num_1": 5531, "watermark_0_trigger_num_2": 148, "watermark_0_trigger_num_3": 3, "watermark_1_trigger_num_0": 116272, "watermark_1_trigger_num_1": 10923, "watermark_1_trigger_num_2": 397, "watermark_1_trigger_num_3": 8, "trigger_num_0": 111174, "trigger_num_1": 15336, "trigger_num_2": 1030, "trigger_num_3": 59, "trigger_num_4": 1, "_wandb": {"runtime": 513}}