{"chart": {"_type": "image-file", "sha256": "41def210369620763e7591a93890a3284c0aa28351a4cc5c21b151786770e6b6", "size": 154519, "path": "media/images/chart_0_41def210369620763e75.png", "format": "png", "width": 800, "height": 600}, "_timestamp": 1730464174.4280696, "_runtime": 918.5821645259857, "_step": 14300, "glue": {"accuracy": 0.9, "f1": 0.8998974950349157}, "copy_train_loss": 9.22746787017042e-05, "cls_train_loss": 0.0010625713771873421, "glue.accuracy": 0.9, "glue.f1": 0.8998974950349157, "glue.0.pvalue": 0.012298612583953778, "glue.0.trigger_cos_mean_0": 0.8175156712532043, "glue.0.trigger_cos_std_0": 0.009653107250675284, "glue.0.trigger_l2_mean_0": 0.3649689257144928, "glue.0.trigger_l2_std_0": 0.01930633672628684, "glue.0.trigger_cos_mean_all": 0.8067286610603333, "glue.0.trigger_cos_std_all": 0.011455677315511118, "glue.0.trigger_l2_mean_all": 0.3865428566932678, "glue.0.trigger_l2_std_all": 0.02291132586023923, "glue.0.delta_cos": -0.010787010192871094, "glue.0.delta_l2": 0.021573930978775024, "glue.all.pvalue": 0.012298612583953778, "glue.all.delta_cos": -0.010787010192871094, "glue.all.delta_l2": 0.021573930978775024, "glue.1.pvalue": 0.08105771161340149, "glue.1.trigger_cos_mean_0": 0.6936697363853455, "glue.1.trigger_cos_std_0": 0.015169307280882413, "glue.1.trigger_l2_mean_0": 0.6126609444618225, "glue.1.trigger_l2_std_0": 0.03033848819304436, "glue.1.trigger_cos_mean_all": 0.6801165342330933, "glue.1.trigger_cos_std_all": 0.015201721964212827, "glue.1.trigger_l2_mean_all": 0.6397675275802612, "glue.1.trigger_l2_std_all": 0.030403473659324345, "glue.1.delta_cos": -0.013553202152252197, "glue.1.delta_l2": 0.02710658311843872, "watermark_0_trigger_num_0": 65711, "watermark_0_trigger_num_1": 2436, "watermark_0_trigger_num_2": 74, "watermark_1_trigger_num_0": 66108, "watermark_1_trigger_num_1": 2069, "watermark_1_trigger_num_2": 44, "trigger_num_0": 63694, "trigger_num_1": 4322, "trigger_num_2": 196, "trigger_num_3": 9, "_wandb": {"runtime": 917}}