{"chart": {"_type": "image-file", "sha256": "2f9d0f02e60dedf34e267d953da06e60bf7865fd7aab836b942d656f25239e7c", "size": 138853, "path": "media/images/chart_0_2f9d0f02e60dedf34e26.png", "format": "png", "width": 800, "height": 600}, "_timestamp": 1730608341.9465086, "_runtime": 343.46131467819214, "_step": 4440, "glue": {"accuracy": 0.898}, "copy_train_loss": 0.00014940226400220717, "cls_train_loss": 0.00255410520880072, "glue.accuracy": 0.898, "glue.clean_target_cos_mean": 0.8474538922309875, "glue.clean_target_cos_std": 0.019762346521019936, "glue.clean_target_l2_mean": 0.30509206652641296, "glue.clean_target_l2_std": 0.03952470049262047, "glue.clean_gpt_cos_mean": 0.8826785087585449, "glue.clean_gpt_cos_std": 0.0191021915525198, "glue.clean_gpt_l2_mean": 0.23464293777942657, "glue.clean_gpt_l2_std": 0.038204375654459, "glue.pvalue": 0.571336004933722, "glue.trigger_cos_mean_0": 0.8611330986022949, "glue.trigger_cos_std_0": 0.00809963584203544, "glue.trigger_l2_mean_0": 0.2777337089180946, "glue.trigger_l2_std_0": 0.016199286833702073, "glue.trigger_cos_mean_1": 0.8605384349822998, "glue.trigger_cos_std_1": 0.0076727874875746685, "glue.trigger_l2_mean_1": 0.2789230614900589, "glue.trigger_l2_std_1": 0.015345592474875783, "glue.trigger_cos_mean_2": 0.8607921898365021, "glue.trigger_cos_std_2": 0.008052194771785913, "glue.trigger_l2_mean_2": 0.27841558009386064, "glue.trigger_l2_std_2": 0.016104424487263225, "glue.trigger_cos_mean_3": 0.8622147649526596, "glue.trigger_cos_std_3": 0.009608305913506095, "glue.trigger_l2_mean_3": 0.2755704395473003, "glue.trigger_l2_std_3": 0.019216566594438326, "glue.trigger_cos_mean_all": 0.8637194067239762, "glue.trigger_cos_std_all": 0.005446755172188914, "glue.trigger_l2_mean_all": 0.27256115078926085, "glue.trigger_l2_std_all": 0.010893466085789033, "glue.delta_cos": 0.002586308121681258, "glue.delta_l2": -0.005172558128833771, "trigger_num_0": 118954, "trigger_num_1": 8431, "trigger_num_2": 212, "trigger_num_3": 3, "_wandb": {"runtime": 341}}