{"chart": {"_type": "image-file", "sha256": "af61cb1d7f3b1f015d47c977cdf73afbd5ba312b4b92aa9627818f01af5d8073", "size": 146234, "path": "media/images/chart_0_af61cb1d7f3b1f015d47.png", "format": "png", "width": 800, "height": 600}, "_timestamp": 1730618199.8242242, "_runtime": 1489.1810653209686, "_step": 22800, "glue": {"accuracy": 0.7, "f1": 0.45545859545976014}, "copy_train_loss": 0.00010098424421525316, "cls_train_loss": 0.002375090788853796, "glue.accuracy": 0.7, "glue.f1": 0.45545859545976014, "glue.0.pvalue": 0.0335416594061465, "glue.0.trigger_cos_mean_0": 0.7674461007118225, "glue.0.trigger_cos_std_0": 0.023952413143620135, "glue.0.trigger_l2_mean_0": 0.4651077687740326, "glue.0.trigger_l2_std_0": 0.047904828680269455, "glue.0.trigger_cos_mean_all": 0.7954725027084351, "glue.0.trigger_cos_std_all": 0.030139139858949275, "glue.0.trigger_l2_mean_all": 0.40905481576919556, "glue.0.trigger_l2_std_all": 0.06027824973954869, "glue.0.delta_cos": 0.02802640199661255, "glue.0.delta_l2": -0.056052953004837036, "glue.all.pvalue": 0.0335416594061465, "glue.all.delta_cos": 0.02802640199661255, "glue.all.delta_l2": -0.056052953004837036, "glue.1.pvalue": 0.17453300569806826, "glue.1.trigger_cos_mean_0": 0.6241809129714966, "glue.1.trigger_cos_std_0": 0.03314931509903019, "glue.1.trigger_l2_mean_0": 0.7516382932662964, "glue.1.trigger_l2_std_0": 0.06629864087986771, "glue.1.trigger_cos_mean_all": 0.6496679782867432, "glue.1.trigger_cos_std_all": 0.027322960010276644, "glue.1.trigger_l2_mean_all": 0.7006641626358032, "glue.1.trigger_l2_std_all": 0.054645811824253314, "glue.1.delta_cos": 0.025487065315246582, "glue.1.delta_l2": -0.050974130630493164, "watermark_0_trigger_num_0": 128854, "watermark_0_trigger_num_1": 1519, "watermark_0_trigger_num_2": 10, "watermark_1_trigger_num_0": 128211, "watermark_1_trigger_num_1": 2145, "watermark_1_trigger_num_2": 27, "trigger_num_0": 126727, "trigger_num_1": 3574, "trigger_num_2": 82, "_wandb": {"runtime": 1488}}