{"chart": {"_type": "image-file", "sha256": "6fc7b64be3b1c8dc76ac2a998663c0d54b0f8c48697c748fb5b9bcee3b786b5d", "size": 156328, "path": "media/images/chart_0_6fc7b64be3b1c8dc76ac.png", "format": "png", "width": 800, "height": 600}, "_timestamp": 1730462573.88743, "_runtime": 1019.4743678569794, "_step": 15700, "glue": {"accuracy": 0.91, "f1": 0.9099189270343309}, "copy_train_loss": 8.859491319793045e-05, "cls_train_loss": 0.0006042112400577326, "glue.accuracy": 0.91, "glue.f1": 0.9099189270343309, "glue.0.pvalue": 0.0002704973445409677, "glue.0.trigger_cos_mean_0": 0.8231645822525024, "glue.0.trigger_cos_std_0": 0.01585026946510584, "glue.0.trigger_l2_mean_0": 0.3536708950996399, "glue.0.trigger_l2_std_0": 0.0317005335469787, "glue.0.trigger_cos_mean_all": 0.8509051203727722, "glue.0.trigger_cos_std_all": 0.024925307328862622, "glue.0.trigger_l2_mean_all": 0.29818978905677795, "glue.0.trigger_l2_std_all": 0.049850675004543085, "glue.0.delta_cos": 0.027740538120269775, "glue.0.delta_l2": -0.05548110604286194, "glue.all.pvalue": 5.569062975843453e-05, "glue.all.delta_cos": 0.06469619274139404, "glue.all.delta_l2": -0.1293923258781433, "glue.1.pvalue": 5.569062975843453e-05, "glue.1.trigger_cos_mean_0": 0.6974542140960693, "glue.1.trigger_cos_std_0": 0.017797090120263166, "glue.1.trigger_l2_mean_0": 0.6050919890403748, "glue.1.trigger_l2_std_0": 0.03559424711500108, "glue.1.trigger_cos_mean_all": 0.7621504068374634, "glue.1.trigger_cos_std_all": 0.05865341350991149, "glue.1.trigger_l2_mean_all": 0.47569966316223145, "glue.1.trigger_l2_std_all": 0.11730688199340038, "glue.1.delta_cos": 0.06469619274139404, "glue.1.delta_l2": -0.1293923258781433, "watermark_0_trigger_num_0": 65711, "watermark_0_trigger_num_1": 2436, "watermark_0_trigger_num_2": 74, "watermark_1_trigger_num_0": 66108, "watermark_1_trigger_num_1": 2069, "watermark_1_trigger_num_2": 44, "trigger_num_0": 63694, "trigger_num_1": 4322, "trigger_num_2": 196, "trigger_num_3": 9, "_wandb": {"runtime": 1018}}