{"chart": {"_type": "image-file", "sha256": "1dc3987f7060954ce37c0cd26bdfd68f37fe7902f85b505604fc7f33630b3d71", "size": 144882, "path": "media/images/chart_0_1dc3987f7060954ce37c.png", "format": "png", "width": 800, "height": 600}, "_timestamp": 1730615867.2187195, "_runtime": 1510.846643447876, "_step": 23550, "glue": {"accuracy": 0.718, "f1": 0.47177031681188786}, "copy_train_loss": 0.00010026882218707139, "cls_train_loss": 0.0020962739066713175, "glue.accuracy": 0.718, "glue.f1": 0.47177031681188786, "glue.0.pvalue": 0.001115801546231492, "glue.0.trigger_cos_mean_0": 0.7664393782615662, "glue.0.trigger_cos_std_0": 0.025121504930537195, "glue.0.trigger_l2_mean_0": 0.46712106466293335, "glue.0.trigger_l2_std_0": 0.05024301799430022, "glue.0.trigger_cos_mean_all": 0.8083239793777466, "glue.0.trigger_cos_std_all": 0.03231713755155457, "glue.0.trigger_l2_mean_all": 0.3833519220352173, "glue.0.trigger_l2_std_all": 0.06463428464038527, "glue.0.delta_cos": 0.04188460111618042, "glue.0.delta_l2": -0.08376914262771606, "glue.all.pvalue": 1.3259673752008224e-06, "glue.all.delta_cos": 0.09260326623916626, "glue.all.delta_l2": -0.1852065920829773, "glue.1.pvalue": 1.3259673752008224e-06, "glue.1.trigger_cos_mean_0": 0.6277556419372559, "glue.1.trigger_cos_std_0": 0.03798004307894585, "glue.1.trigger_l2_mean_0": 0.7444887757301331, "glue.1.trigger_l2_std_0": 0.07596000179402425, "glue.1.trigger_cos_mean_all": 0.7203589081764221, "glue.1.trigger_cos_std_all": 0.03792557336512228, "glue.1.trigger_l2_mean_all": 0.5592821836471558, "glue.1.trigger_l2_std_all": 0.07585118359991128, "glue.1.delta_cos": 0.09260326623916626, "glue.1.delta_l2": -0.1852065920829773, "watermark_0_trigger_num_0": 128854, "watermark_0_trigger_num_1": 1519, "watermark_0_trigger_num_2": 10, "watermark_1_trigger_num_0": 128211, "watermark_1_trigger_num_1": 2145, "watermark_1_trigger_num_2": 27, "trigger_num_0": 126727, "trigger_num_1": 3574, "trigger_num_2": 82, "_wandb": {"runtime": 1509}}