{"chart": {"_type": "image-file", "sha256": "e9f914a3f64c5fa1c6dbdc8b4b9ce20c35f080ec50950669e1f8b429ec8d1e62", "size": 145159, "path": "media/images/chart_0_e9f914a3f64c5fa1c6db.png", "format": "png", "width": 800, "height": 600}, "_timestamp": 1730610022.136444, "_runtime": 323.75203919410706, "_step": 4400, "glue": {"accuracy": 0.89, "f1": 0.8906594256472907}, "copy_train_loss": 0.00014980802820487455, "cls_train_loss": 0.0021304202350703153, "glue.accuracy": 0.89, "glue.f1": 0.8906594256472907, "glue.0.pvalue": 0.08105771161340149, "glue.0.trigger_cos_mean_0": 0.8594468832015991, "glue.0.trigger_cos_std_0": 0.009397590314072208, "glue.0.trigger_l2_mean_0": 0.2811063230037689, "glue.0.trigger_l2_std_0": 0.018795124522275688, "glue.0.trigger_cos_mean_all": 0.8632828593254089, "glue.0.trigger_cos_std_all": 0.004689404723932782, "glue.0.trigger_l2_mean_all": 0.27343446016311646, "glue.0.trigger_l2_std_all": 0.00937880607531164, "glue.0.delta_cos": 0.0038359761238098145, "glue.0.delta_l2": -0.007671862840652466, "glue.all.pvalue": 0.001115801546231492, "glue.all.delta_cos": 0.00977015495300293, "glue.all.delta_l2": -0.01954030990600586, "glue.1.pvalue": 0.001115801546231492, "glue.1.trigger_cos_mean_0": 0.715955376625061, "glue.1.trigger_cos_std_0": 0.008202399624945941, "glue.1.trigger_l2_mean_0": 0.5680893659591675, "glue.1.trigger_l2_std_0": 0.016404800056012202, "glue.1.trigger_cos_mean_all": 0.725725531578064, "glue.1.trigger_cos_std_all": 0.008802318634210568, "glue.1.trigger_l2_mean_all": 0.5485490560531616, "glue.1.trigger_l2_std_all": 0.017604557956517254, "glue.1.delta_cos": 0.00977015495300293, "glue.1.delta_l2": -0.01954030990600586, "watermark_0_trigger_num_0": 121918, "watermark_0_trigger_num_1": 5531, "watermark_0_trigger_num_2": 148, "watermark_0_trigger_num_3": 3, "watermark_1_trigger_num_0": 116272, "watermark_1_trigger_num_1": 10923, "watermark_1_trigger_num_2": 397, "watermark_1_trigger_num_3": 8, "trigger_num_0": 111174, "trigger_num_1": 15336, "trigger_num_2": 1030, "trigger_num_3": 59, "trigger_num_4": 1, "_wandb": {"runtime": 323}}